<?xml version="1.0" encoding="UTF-8"?>
<root>
  <item name="com.kit.imagelib.widget.imageview.roundedimageview.RoundedImageView void setBorderColor(int) 0">
    <annotation name="android.support.annotation.ColorRes" />
  </item>
  <item name="com.kit.imagelib.widget.imageview.roundedimageview.RoundedImageView void setBorderWidth(int) 0">
    <annotation name="android.support.annotation.DimenRes" />
  </item>
  <item name="com.kit.imagelib.widget.imageview.roundedimageview.RoundedImageView void setCornerRadiusDimen(int) 0">
    <annotation name="android.support.annotation.DimenRes" />
  </item>
  <item name="com.kit.imagelib.widget.imageview.roundedimageview.RoundedImageView void setImageResource(int) 0">
    <annotation name="android.support.annotation.DrawableRes" />
  </item>
</root>

